{
  "roc_auc": 0.9870031567448542,
  "thresholds": {
    "balanced": {
      "value": 0.6486365795135498,
      "recall": 0.9696969696969697,
      "fpr": 0.07380073800738007
    },
    "safety_critical": {
      "value": 0.0006454146932810545,
      "recall": 1.0,
      "fpr": 1.0
    }
  }
}