{
  "category_classification": {
    "accuracy": 0.24428571428571427,
    "macro_avg": {
      "precision": 0.71328093258743,
      "recall": 0.18863620234369655,
      "f1_score": 0.13193129707194792
    },
    "per_class": {
      "neutral": {
        "precision": 0.21439509954058192,
        "recall": 0.9929078014184397,
        "f1_score": 0.3526448362720403,
        "support": 141
      },
      "humor_sarcasm": {
        "precision": 1.0,
        "recall": 0.03076923076923077,
        "f1_score": 0.05970149253731343,
        "support": 130
      },
      "stress": {
        "precision": 0.6,
        "recall": 0.15625,
        "f1_score": 0.24793388429752067,
        "support": 96
      },
      "burnout": {
        "precision": 0.75,
        "recall": 0.06896551724137931,
        "f1_score": 0.12631578947368421,
        "support": 87
      },
      "depression": {
        "precision": 0.42857142857142855,
        "recall": 0.03225806451612903,
        "f1_score": 0.06,
        "support": 93
      },
      "harassment": {
        "precision": 1.0,
        "recall": 0.02631578947368421,
        "f1_score": 0.05128205128205128,
        "support": 76
      },
      "suicidal_ideation": {
        "precision": 1.0,
        "recall": 0.012987012987012988,
        "f1_score": 0.02564102564102564,
        "support": 77
      }
    },
    "confusion_matrix": [
      [
        140,
        0,
        1,
        0,
        0,
        0,
        0
      ],
      [
        117,
        4,
        7,
        1,
        1,
        0,
        0
      ],
      [
        80,
        0,
        15,
        1,
        0,
        0,
        0
      ],
      [
        78,
        0,
        0,
        6,
        3,
        0,
        0
      ],
      [
        89,
        0,
        1,
        0,
        3,
        0,
        0
      ],
      [
        73,
        0,
        1,
        0,
        0,
        2,
        0
      ],
      [
        76,
        0,
        0,
        0,
        0,
        0,
        1
      ]
    ]
  }
}