{
  "category_classification": {
    "accuracy": 0.6357142857142857,
    "macro_avg": {
      "precision": 0.7493215707320664,
      "recall": 0.5725898780551437,
      "f1_score": 0.5548618763377015
    },
    "per_class": {
      "neutral": {
        "precision": 0.6525821596244131,
        "recall": 0.9858156028368794,
        "f1_score": 0.7853107344632768,
        "support": 141
      },
      "humor_sarcasm": {
        "precision": 0.9145299145299145,
        "recall": 0.823076923076923,
        "f1_score": 0.8663967611336032,
        "support": 130
      },
      "stress": {
        "precision": 0.4019138755980861,
        "recall": 0.875,
        "f1_score": 0.5508196721311476,
        "support": 96
      },
      "burnout": {
        "precision": 0.896551724137931,
        "recall": 0.2988505747126437,
        "f1_score": 0.4482758620689655,
        "support": 87
      },
      "depression": {
        "precision": 0.6210526315789474,
        "recall": 0.6344086021505376,
        "f1_score": 0.6276595744680851,
        "support": 93
      },
      "harassment": {
        "precision": 1.0,
        "recall": 0.10526315789473684,
        "f1_score": 0.19047619047619047,
        "support": 76
      },
      "suicidal_ideation": {
        "precision": 0.7586206896551724,
        "recall": 0.2857142857142857,
        "f1_score": 0.41509433962264153,
        "support": 77
      }
    },
    "confusion_matrix": [
      [
        139,
        1,
        1,
        0,
        0,
        0,
        0
      ],
      [
        9,
        107,
        12,
        0,
        2,
        0,
        0
      ],
      [
        5,
        1,
        84,
        1,
        3,
        0,
        2
      ],
      [
        12,
        3,
        32,
        26,
        12,
        0,
        2
      ],
      [
        8,
        1,
        20,
        2,
        59,
        0,
        3
      ],
      [
        14,
        2,
        49,
        0,
        3,
        8,
        0
      ],
      [
        26,
        2,
        11,
        0,
        16,
        0,
        22
      ]
    ]
  },
  "model_info": {
    "name": "gemini-flash-lite-latest",
    "samples": 700,
    "failures": 0
  }
}