{
  "accuracy": 0.5915,
  "classification_report": {
    "neutral": {
      "precision": 0.7370405278039586,
      "recall": 0.9775,
      "f1-score": 0.8404083825900054,
      "support": 800.0
    },
    "humor_sarcasm": {
      "precision": 0.41545454545454547,
      "recall": 0.6175675675675676,
      "f1-score": 0.4967391304347826,
      "support": 740.0
    },
    "stress": {
      "precision": 0.5857843137254902,
      "recall": 0.43454545454545457,
      "f1-score": 0.4989561586638831,
      "support": 550.0
    },
    "burnout": {
      "precision": 0.5104602510460251,
      "recall": 0.24646464646464647,
      "f1-score": 0.33242506811989103,
      "support": 495.0
    },
    "depression": {
      "precision": 0.5224586288416075,
      "recall": 0.44646464646464645,
      "f1-score": 0.48148148148148145,
      "support": 495.0
    },
    "harassment": {
      "precision": 0.8295081967213115,
      "recall": 0.5382978723404256,
      "f1-score": 0.6529032258064517,
      "support": 470.0
    },
    "suicidal_ideation": {
      "precision": 0.6293103448275862,
      "recall": 0.6488888888888888,
      "f1-score": 0.6389496717724289,
      "support": 450.0
    },
    "accuracy": 0.5915,
    "macro avg": {
      "precision": 0.6042881154886464,
      "recall": 0.5585327251816613,
      "f1-score": 0.5631233026955605,
      "support": 4000.0
    },
    "weighted avg": {
      "precision": 0.6009008779010896,
      "recall": 0.5915,
      "f1-score": 0.5779037900845461,
      "support": 4000.0
    }
  },
  "confusion_matrix": [
    [
      782,
      14,
      2,
      2,
      0,
      0,
      0
    ],
    [
      171,
      457,
      16,
      15,
      13,
      14,
      54
    ],
    [
      69,
      126,
      239,
      42,
      29,
      23,
      22
    ],
    [
      12,
      136,
      57,
      122,
      124,
      5,
      39
    ],
    [
      9,
      119,
      63,
      48,
      221,
      8,
      27
    ],
    [
      11,
      152,
      15,
      7,
      2,
      253,
      30
    ],
    [
      7,
      96,
      16,
      3,
      34,
      2,
      292
    ]
  ],
  "notes": "Evaluation on v0.3 email subset (IDs > 5000). OOD Check."
}