{
  "test_loss": 1.1840462291782552,
  "category_classification": {
    "accuracy": 0.7628571428571429,
    "macro_avg": {
      "precision": 0.7475883730615784,
      "recall": 0.7447821091651683,
      "f1_score": 0.742335834019822
    },
    "weighted_avg": {
      "precision": 0.7675568201950889,
      "recall": 0.7628571428571429,
      "f1_score": 0.7618185406968623
    },
    "per_class": {
      "neutral": {
        "precision": 0.9202898550724637,
        "recall": 0.900709219858156,
        "f1_score": 0.910394265232975,
        "support": 141
      },
      "humor_sarcasm": {
        "precision": 0.8780487804878049,
        "recall": 0.8307692307692308,
        "f1_score": 0.8537549407114624,
        "support": 130
      },
      "stress": {
        "precision": 0.6952380952380952,
        "recall": 0.7604166666666666,
        "f1_score": 0.7263681592039801,
        "support": 96
      },
      "burnout": {
        "precision": 0.6363636363636364,
        "recall": 0.4827586206896552,
        "f1_score": 0.5490196078431373,
        "support": 87
      },
      "depression": {
        "precision": 0.6260869565217392,
        "recall": 0.7741935483870968,
        "f1_score": 0.6923076923076923,
        "support": 93
      },
      "harassment": {
        "precision": 0.686046511627907,
        "recall": 0.7763157894736842,
        "f1_score": 0.7283950617283951,
        "support": 76
      },
      "suicidal_ideation": {
        "precision": 0.7910447761194029,
        "recall": 0.6883116883116883,
        "f1_score": 0.7361111111111112,
        "support": 77
      }
    },
    "confusion_matrix": [
      [
        127,
        6,
        1,
        2,
        0,
        3,
        2
      ],
      [
        7,
        108,
        5,
        4,
        1,
        4,
        1
      ],
      [
        0,
        5,
        73,
        5,
        6,
        6,
        1
      ],
      [
        0,
        2,
        11,
        42,
        21,
        8,
        3
      ],
      [
        0,
        0,
        6,
        9,
        72,
        2,
        4
      ],
      [
        2,
        0,
        7,
        2,
        3,
        59,
        3
      ],
      [
        2,
        2,
        2,
        2,
        12,
        4,
        53
      ]
    ]
  },
  "severity_classification": {
    "accuracy": 0.7828571428571428,
    "macro_avg": {
      "precision": 0.7500188632739726,
      "recall": 0.7556016929413925,
      "f1_score": 0.7522884997380574
    },
    "weighted_avg": {
      "precision": 0.7852545147628395,
      "recall": 0.7828571428571428,
      "f1_score": 0.7836238052999968
    },
    "per_class": {
      "none": {
        "precision": 0.9315589353612167,
        "recall": 0.9040590405904059,
        "f1_score": 0.9176029962546817,
        "support": 271
      },
      "early": {
        "precision": 0.7707006369426752,
        "recall": 0.7515527950310559,
        "f1_score": 0.7610062893081762,
        "support": 161
      },
      "middle": {
        "precision": 0.572463768115942,
        "recall": 0.5683453237410072,
        "f1_score": 0.5703971119133574,
        "support": 139
      },
      "late": {
        "precision": 0.7253521126760564,
        "recall": 0.7984496124031008,
        "f1_score": 0.7601476014760148,
        "support": 129
      }
    },
    "confusion_matrix": [
      [
        245,
        7,
        12,
        7
      ],
      [
        5,
        121,
        30,
        5
      ],
      [
        7,
        26,
        79,
        27
      ],
      [
        6,
        3,
        17,
        103
      ]
    ]
  }
}